location,year,age,gender,value
Low SDI,1990,15-49,female,34.72416292511232
Low SDI,1991,15-49,female,34.441002771932375
Low SDI,1992,15-49,female,34.088810719066096
Low SDI,1993,15-49,female,33.82281223168469
Low SDI,1994,15-49,female,33.68056280380045
Low SDI,1995,15-49,female,33.41107096375525
Low SDI,1996,15-49,female,33.18006340968356
Low SDI,1997,15-49,female,32.98926141610651
Low SDI,1998,15-49,female,32.73038479778331
Low SDI,1999,15-49,female,32.654103946194695
Low SDI,2000,15-49,female,32.43737940516644
Low SDI,2001,15-49,female,31.268057935223503
Low SDI,2002,15-49,female,29.98953470809745
Low SDI,2003,15-49,female,29.079757101194613
Low SDI,2004,15-49,female,28.877553288790168
Low SDI,2005,15-49,female,28.170705829861987
Low SDI,2006,15-49,female,27.76529527492332
Low SDI,2007,15-49,female,27.2799084249604
Low SDI,2008,15-49,female,26.93723162364589
Low SDI,2009,15-49,female,26.246302082615493
Low SDI,2010,15-49,female,25.537757360739025
Low SDI,2011,15-49,female,25.14118536574388
Low SDI,2012,15-49,female,25.56446428059536
Low SDI,2013,15-49,female,25.26393899958278
Low SDI,2014,15-49,female,24.79770828877968
Low SDI,2015,15-49,female,24.23560577042537
Low SDI,2016,15-49,female,24.12641161461068
Low SDI,2017,15-49,female,23.809299406781825
Low SDI,2018,15-49,female,23.1492952244624
Low SDI,2019,15-49,female,22.95307292206313
Low SDI,2020,15-49,female,23.04111862957473
Low SDI,2021,15-49,female,22.88024741762673
Low-middle SDI,1990,15-49,female,41.18435021784835
Low-middle SDI,1991,15-49,female,40.36542243880135
Low-middle SDI,1992,15-49,female,40.19120442418778
Low-middle SDI,1993,15-49,female,39.62144435719004
Low-middle SDI,1994,15-49,female,39.27144893391363
Low-middle SDI,1995,15-49,female,39.00036414052774
Low-middle SDI,1996,15-49,female,38.79805109058614
Low-middle SDI,1997,15-49,female,38.505668260884605
Low-middle SDI,1998,15-49,female,38.19971495361134
Low-middle SDI,1999,15-49,female,38.44509608209779
Low-middle SDI,2000,15-49,female,38.00502626825165
Low-middle SDI,2001,15-49,female,37.411938120459816
Low-middle SDI,2002,15-49,female,37.26884745014037
Low-middle SDI,2003,15-49,female,36.54245314340459
Low-middle SDI,2004,15-49,female,35.635580393703684
Low-middle SDI,2005,15-49,female,35.06559892766995
Low-middle SDI,2006,15-49,female,34.58170035806897
Low-middle SDI,2007,15-49,female,33.99765134962814
Low-middle SDI,2008,15-49,female,34.04307147760615
Low-middle SDI,2009,15-49,female,33.904982605889685
Low-middle SDI,2010,15-49,female,33.620786854666825
Low-middle SDI,2011,15-49,female,32.826195008137084
Low-middle SDI,2012,15-49,female,33.19150335521006
Low-middle SDI,2013,15-49,female,33.53534265112317
Low-middle SDI,2014,15-49,female,32.99831607096926
Low-middle SDI,2015,15-49,female,32.55057313038449
Low-middle SDI,2016,15-49,female,32.57097455016627
Low-middle SDI,2017,15-49,female,32.027429201383335
Low-middle SDI,2018,15-49,female,31.187207912694387
Low-middle SDI,2019,15-49,female,30.26575825281043
Low-middle SDI,2020,15-49,female,30.031885199135424
Low-middle SDI,2021,15-49,female,29.830729393372625
Middle SDI,1990,15-49,female,30.13515574119312
Middle SDI,1991,15-49,female,29.69335897065108
Middle SDI,1992,15-49,female,29.725183941252137
Middle SDI,1993,15-49,female,29.327200355797025
Middle SDI,1994,15-49,female,29.11293725116195
Middle SDI,1995,15-49,female,28.68245111602763
Middle SDI,1996,15-49,female,28.320313661677
Middle SDI,1997,15-49,female,27.974327993842024
Middle SDI,1998,15-49,female,27.754863996097203
Middle SDI,1999,15-49,female,27.35436506923242
Middle SDI,2000,15-49,female,27.01143514075089
Middle SDI,2001,15-49,female,26.37429724542772
Middle SDI,2002,15-49,female,26.25409752955128
Middle SDI,2003,15-49,female,25.968812033195004
Middle SDI,2004,15-49,female,25.503027264706347
Middle SDI,2005,15-49,female,24.591101201591027
Middle SDI,2006,15-49,female,24.03358343158913
Middle SDI,2007,15-49,female,23.729736450119752
Middle SDI,2008,15-49,female,23.676977704739105
Middle SDI,2009,15-49,female,23.70002690546585
Middle SDI,2010,15-49,female,23.72882343922632
Middle SDI,2011,15-49,female,23.46382220278238
Middle SDI,2012,15-49,female,23.15175630573278
Middle SDI,2013,15-49,female,23.11724994180016
Middle SDI,2014,15-49,female,22.7287894799648
Middle SDI,2015,15-49,female,22.326710268448707
Middle SDI,2016,15-49,female,22.345400923720447
Middle SDI,2017,15-49,female,22.04833717527914
Middle SDI,2018,15-49,female,21.80926000692349
Middle SDI,2019,15-49,female,21.672501503053265
Middle SDI,2020,15-49,female,21.614309593936756
Middle SDI,2021,15-49,female,21.636352532911133
High-middle SDI,1990,15-49,female,23.61547323924532
High-middle SDI,1991,15-49,female,23.531441066659973
High-middle SDI,1992,15-49,female,23.958152209284485
High-middle SDI,1993,15-49,female,25.77809250505126
High-middle SDI,1994,15-49,female,27.437392652831143
High-middle SDI,1995,15-49,female,27.53128777916802
High-middle SDI,1996,15-49,female,26.688265401212377
High-middle SDI,1997,15-49,female,25.771484120161038
High-middle SDI,1998,15-49,female,25.46312755729067
High-middle SDI,1999,15-49,female,26.209326240427934
High-middle SDI,2000,15-49,female,26.32242328054837
High-middle SDI,2001,15-49,female,26.267814986905982
High-middle SDI,2002,15-49,female,26.410417342638063
High-middle SDI,2003,15-49,female,26.48910657616554
High-middle SDI,2004,15-49,female,26.25893881759325
High-middle SDI,2005,15-49,female,26.79848475674069
High-middle SDI,2006,15-49,female,24.99611461166124
High-middle SDI,2007,15-49,female,23.88536282581457
High-middle SDI,2008,15-49,female,23.42573196297952
High-middle SDI,2009,15-49,female,22.41021231723985
High-middle SDI,2010,15-49,female,21.81566723897633
High-middle SDI,2011,15-49,female,20.469552172756543
High-middle SDI,2012,15-49,female,19.33724723402636
High-middle SDI,2013,15-49,female,18.72777907649524
High-middle SDI,2014,15-49,female,18.278961838182024
High-middle SDI,2015,15-49,female,17.617342398830925
High-middle SDI,2016,15-49,female,17.13731621587433
High-middle SDI,2017,15-49,female,16.708691507956612
High-middle SDI,2018,15-49,female,16.53936333095177
High-middle SDI,2019,15-49,female,16.31870874087984
High-middle SDI,2020,15-49,female,15.881773366656244
High-middle SDI,2021,15-49,female,15.734798257650652
High SDI,1990,15-49,female,14.152856048235888
High SDI,1991,15-49,female,14.162772636987263
High SDI,1992,15-49,female,14.03191811453517
High SDI,1993,15-49,female,14.07928519471938
High SDI,1994,15-49,female,14.051875410647035
High SDI,1995,15-49,female,14.031916306242394
High SDI,1996,15-49,female,13.996099974903537
High SDI,1997,15-49,female,13.74473474727952
High SDI,1998,15-49,female,13.490764886325932
High SDI,1999,15-49,female,13.490174746410847
High SDI,2000,15-49,female,13.330784585259762
High SDI,2001,15-49,female,13.255594832466572
High SDI,2002,15-49,female,13.18660233562978
High SDI,2003,15-49,female,13.068014802127715
High SDI,2004,15-49,female,12.748820429920372
High SDI,2005,15-49,female,12.563179943892663
High SDI,2006,15-49,female,12.256771884659267
High SDI,2007,15-49,female,11.949891076870369
High SDI,2008,15-49,female,11.70437875794954
High SDI,2009,15-49,female,11.41942279281197
High SDI,2010,15-49,female,11.008674341255956
High SDI,2011,15-49,female,10.760636316509109
High SDI,2012,15-49,female,10.450019233448575
High SDI,2013,15-49,female,10.23930479419073
High SDI,2014,15-49,female,10.12216787709026
High SDI,2015,15-49,female,10.114903441242136
High SDI,2016,15-49,female,10.13948786030164
High SDI,2017,15-49,female,10.020974007387856
High SDI,2018,15-49,female,9.958519129034793
High SDI,2019,15-49,female,9.84728116623814
High SDI,2020,15-49,female,9.658697438098692
High SDI,2021,15-49,female,9.525488605980124
Low SDI,1990,5-14,female,3.491473449402056
Low SDI,1991,5-14,female,3.506470007636944
Low SDI,1992,5-14,female,3.5468176364915287
Low SDI,1993,5-14,female,3.5265931845309915
Low SDI,1994,5-14,female,3.522208702263925
Low SDI,1995,5-14,female,3.4872271351891144
Low SDI,1996,5-14,female,3.347694362149081
Low SDI,1997,5-14,female,3.233537037085727
Low SDI,1998,5-14,female,3.1476717327238646
Low SDI,1999,5-14,female,3.1130094468578537
Low SDI,2000,5-14,female,3.114111784730202
Low SDI,2001,5-14,female,3.0113903164912097
Low SDI,2002,5-14,female,2.845497882671836
Low SDI,2003,5-14,female,2.7523813211617307
Low SDI,2004,5-14,female,2.728556802013806
Low SDI,2005,5-14,female,2.753621596772096
Low SDI,2006,5-14,female,2.7150761062790085
Low SDI,2007,5-14,female,2.5758798705482477
Low SDI,2008,5-14,female,2.4228332906450447
Low SDI,2009,5-14,female,2.276102473878136
Low SDI,2010,5-14,female,2.1615706194724247
Low SDI,2011,5-14,female,2.1462274320608983
Low SDI,2012,5-14,female,2.1504035237514723
Low SDI,2013,5-14,female,2.121808999351988
Low SDI,2014,5-14,female,2.09312118775225
Low SDI,2015,5-14,female,2.080333532414372
Low SDI,2016,5-14,female,2.0557509406105625
Low SDI,2017,5-14,female,2.004694107707204
Low SDI,2018,5-14,female,1.9056685927916508
Low SDI,2019,5-14,female,1.8422618201843304
Low SDI,2020,5-14,female,1.7965992114326776
Low SDI,2021,5-14,female,1.723684194168177
Low-middle SDI,1990,5-14,female,4.468215582363203
Low-middle SDI,1991,5-14,female,4.284921852653112
Low-middle SDI,1992,5-14,female,4.273930356650936
Low-middle SDI,1993,5-14,female,4.27529133477866
Low-middle SDI,1994,5-14,female,4.257883864905459
Low-middle SDI,1995,5-14,female,4.211728750135501
Low-middle SDI,1996,5-14,female,4.056783856803423
Low-middle SDI,1997,5-14,female,3.898618994621111
Low-middle SDI,1998,5-14,female,3.790275876162382
Low-middle SDI,1999,5-14,female,3.728637336581573
Low-middle SDI,2000,5-14,female,3.586940442447609
Low-middle SDI,2001,5-14,female,3.447631395963197
Low-middle SDI,2002,5-14,female,3.230677682895124
Low-middle SDI,2003,5-14,female,3.0350999893067674
Low-middle SDI,2004,5-14,female,2.9571717411671776
Low-middle SDI,2005,5-14,female,3.0270697455693343
Low-middle SDI,2006,5-14,female,3.0033343276592253
Low-middle SDI,2007,5-14,female,2.917268323478561
Low-middle SDI,2008,5-14,female,2.8380628978959632
Low-middle SDI,2009,5-14,female,2.760375458289166
Low-middle SDI,2010,5-14,female,2.6444323674814685
Low-middle SDI,2011,5-14,female,2.54313119042547
Low-middle SDI,2012,5-14,female,2.431256068577889
Low-middle SDI,2013,5-14,female,2.3859080535222152
Low-middle SDI,2014,5-14,female,2.354385076235853
Low-middle SDI,2015,5-14,female,2.362676340858216
Low-middle SDI,2016,5-14,female,2.329404066496973
Low-middle SDI,2017,5-14,female,2.234228786548208
Low-middle SDI,2018,5-14,female,2.15315303629065
Low-middle SDI,2019,5-14,female,2.047368834495478
Low-middle SDI,2020,5-14,female,1.9154937746837697
Low-middle SDI,2021,5-14,female,1.839335875126732
Middle SDI,1990,5-14,female,2.720409848663817
Middle SDI,1991,5-14,female,2.662209341053315
Middle SDI,1992,5-14,female,2.641693157192565
Middle SDI,1993,5-14,female,2.569050164188603
Middle SDI,1994,5-14,female,2.513697009191027
Middle SDI,1995,5-14,female,2.492899380971808
Middle SDI,1996,5-14,female,2.437745029374167
Middle SDI,1997,5-14,female,2.3464951346967524
Middle SDI,1998,5-14,female,2.274996349902429
Middle SDI,1999,5-14,female,2.208129072549983
Middle SDI,2000,5-14,female,2.124190360633945
Middle SDI,2001,5-14,female,2.0535720710195635
Middle SDI,2002,5-14,female,1.966888795343431
Middle SDI,2003,5-14,female,1.8739566630945268
Middle SDI,2004,5-14,female,1.809099917716404
Middle SDI,2005,5-14,female,1.8004187869586628
Middle SDI,2006,5-14,female,1.7586636711175232
Middle SDI,2007,5-14,female,1.705718059518999
Middle SDI,2008,5-14,female,1.699760636060728
Middle SDI,2009,5-14,female,1.7043287629350543
Middle SDI,2010,5-14,female,1.6644072197547195
Middle SDI,2011,5-14,female,1.6155967421824382
Middle SDI,2012,5-14,female,1.575973007895647
Middle SDI,2013,5-14,female,1.5579987448788082
Middle SDI,2014,5-14,female,1.503348866793612
Middle SDI,2015,5-14,female,1.4353143769400516
Middle SDI,2016,5-14,female,1.3675342783876034
Middle SDI,2017,5-14,female,1.2832795852919017
Middle SDI,2018,5-14,female,1.2495639064126385
Middle SDI,2019,5-14,female,1.209724414484641
Middle SDI,2020,5-14,female,1.0866948054145158
Middle SDI,2021,5-14,female,1.0112170823677793
High-middle SDI,1990,5-14,female,1.694442728049266
High-middle SDI,1991,5-14,female,1.6379716648050298
High-middle SDI,1992,5-14,female,1.5988668958838816
High-middle SDI,1993,5-14,female,1.5705157434220784
High-middle SDI,1994,5-14,female,1.5504139463479407
High-middle SDI,1995,5-14,female,1.5294198988140977
High-middle SDI,1996,5-14,female,1.4724657421517504
High-middle SDI,1997,5-14,female,1.4095313926468194
High-middle SDI,1998,5-14,female,1.3929816443691183
High-middle SDI,1999,5-14,female,1.4034844329543128
High-middle SDI,2000,5-14,female,1.315617693667182
High-middle SDI,2001,5-14,female,1.2658583984146785
High-middle SDI,2002,5-14,female,1.220362862471038
High-middle SDI,2003,5-14,female,1.1648425671290576
High-middle SDI,2004,5-14,female,1.1320712621155171
High-middle SDI,2005,5-14,female,1.0701493430243243
High-middle SDI,2006,5-14,female,1.0018165342712293
High-middle SDI,2007,5-14,female,0.9612809651235696
High-middle SDI,2008,5-14,female,0.9814272013744842
High-middle SDI,2009,5-14,female,1.038624593972298
High-middle SDI,2010,5-14,female,1.0018482548317815
High-middle SDI,2011,5-14,female,0.927211378353614
High-middle SDI,2012,5-14,female,0.8489342123780373
High-middle SDI,2013,5-14,female,0.8092056178864744
High-middle SDI,2014,5-14,female,0.7925101173219969
High-middle SDI,2015,5-14,female,0.7518431033263581
High-middle SDI,2016,5-14,female,0.7254336827820401
High-middle SDI,2017,5-14,female,0.6879260335389521
High-middle SDI,2018,5-14,female,0.6429936827104942
High-middle SDI,2019,5-14,female,0.6136091753048667
High-middle SDI,2020,5-14,female,0.5503177836402373
High-middle SDI,2021,5-14,female,0.5255394558567515
High SDI,1990,5-14,female,0.9875271697529951
High SDI,1991,5-14,female,0.9702567163420664
High SDI,1992,5-14,female,0.9449782840757126
High SDI,1993,5-14,female,0.9300319700973736
High SDI,1994,5-14,female,0.9015130486193992
High SDI,1995,5-14,female,0.8601063323223413
High SDI,1996,5-14,female,0.8328825398924772
High SDI,1997,5-14,female,0.7998274719359314
High SDI,1998,5-14,female,0.7716428467282015
High SDI,1999,5-14,female,0.748333019592568
High SDI,2000,5-14,female,0.7173946094809607
High SDI,2001,5-14,female,0.7086907275968315
High SDI,2002,5-14,female,0.6853117952804044
High SDI,2003,5-14,female,0.6638461938242846
High SDI,2004,5-14,female,0.6359811145753197
High SDI,2005,5-14,female,0.6234410554859386
High SDI,2006,5-14,female,0.6005644921165121
High SDI,2007,5-14,female,0.5816504219918575
High SDI,2008,5-14,female,0.5665238526119376
High SDI,2009,5-14,female,0.5460929119958595
High SDI,2010,5-14,female,0.5114197200054862
High SDI,2011,5-14,female,0.500266416021336
High SDI,2012,5-14,female,0.47335100256856216
High SDI,2013,5-14,female,0.4517329437527944
High SDI,2014,5-14,female,0.4436536575110088
High SDI,2015,5-14,female,0.4428887390752783
High SDI,2016,5-14,female,0.4140754218699773
High SDI,2017,5-14,female,0.4083834072739162
High SDI,2018,5-14,female,0.3984086157561952
High SDI,2019,5-14,female,0.4036113528045292
High SDI,2020,5-14,female,0.3716129106175048
High SDI,2021,5-14,female,0.3672812327668229
Low SDI,1990,50-69,female,643.3623293536044
Low SDI,1991,50-69,female,640.1873901375267
Low SDI,1992,50-69,female,637.7108724107402
Low SDI,1993,50-69,female,634.95693135654
Low SDI,1994,50-69,female,635.3434144931192
Low SDI,1995,50-69,female,634.7999026727222
Low SDI,1996,50-69,female,633.9921750196432
Low SDI,1997,50-69,female,628.2290265365309
Low SDI,1998,50-69,female,624.6758721678581
Low SDI,1999,50-69,female,613.9555877416243
Low SDI,2000,50-69,female,604.373513959933
Low SDI,2001,50-69,female,594.8310708434075
Low SDI,2002,50-69,female,588.1099896202645
Low SDI,2003,50-69,female,578.8423805352127
Low SDI,2004,50-69,female,553.648911702121
Low SDI,2005,50-69,female,535.4059090317428
Low SDI,2006,50-69,female,524.0285329706498
Low SDI,2007,50-69,female,512.0288328861498
Low SDI,2008,50-69,female,503.7503779154277
Low SDI,2009,50-69,female,496.7880202989863
Low SDI,2010,50-69,female,490.0869818772688
Low SDI,2011,50-69,female,490.6868792516648
Low SDI,2012,50-69,female,496.90329793767626
Low SDI,2013,50-69,female,483.54536802152114
Low SDI,2014,50-69,female,486.8688516154879
Low SDI,2015,50-69,female,486.0628019266795
Low SDI,2016,50-69,female,477.75236465194746
Low SDI,2017,50-69,female,466.966394524866
Low SDI,2018,50-69,female,466.2828714454748
Low SDI,2019,50-69,female,460.4541964617777
Low SDI,2020,50-69,female,451.5136216340034
Low SDI,2021,50-69,female,442.7537127009076
Low-middle SDI,1990,50-69,female,595.7858214181634
Low-middle SDI,1991,50-69,female,590.6114770145713
Low-middle SDI,1992,50-69,female,590.2807602724758
Low-middle SDI,1993,50-69,female,587.2239719286797
Low-middle SDI,1994,50-69,female,586.4174632616497
Low-middle SDI,1995,50-69,female,584.1102131957518
Low-middle SDI,1996,50-69,female,584.8183114036337
Low-middle SDI,1997,50-69,female,590.1804064472225
Low-middle SDI,1998,50-69,female,588.7824938919487
Low-middle SDI,1999,50-69,female,572.1514577251721
Low-middle SDI,2000,50-69,female,561.5548874491662
Low-middle SDI,2001,50-69,female,558.8658435749321
Low-middle SDI,2002,50-69,female,552.7278541406909
Low-middle SDI,2003,50-69,female,540.813732158146
Low-middle SDI,2004,50-69,female,521.4375521987889
Low-middle SDI,2005,50-69,female,514.5748308769582
Low-middle SDI,2006,50-69,female,513.0586884879947
Low-middle SDI,2007,50-69,female,507.4681206646925
Low-middle SDI,2008,50-69,female,498.52655574577926
Low-middle SDI,2009,50-69,female,490.9697400478982
Low-middle SDI,2010,50-69,female,488.75614567799954
Low-middle SDI,2011,50-69,female,487.7697044729949
Low-middle SDI,2012,50-69,female,493.8944008999348
Low-middle SDI,2013,50-69,female,484.2015994977044
Low-middle SDI,2014,50-69,female,478.8855798648153
Low-middle SDI,2015,50-69,female,487.54505701910057
Low-middle SDI,2016,50-69,female,488.60757235741727
Low-middle SDI,2017,50-69,female,478.9172116624424
Low-middle SDI,2018,50-69,female,482.1442534045914
Low-middle SDI,2019,50-69,female,475.83571743300257
Low-middle SDI,2020,50-69,female,464.567507923964
Low-middle SDI,2021,50-69,female,453.1472126215289
Middle SDI,1990,50-69,female,521.133949022312
Middle SDI,1991,50-69,female,512.6040050077733
Middle SDI,1992,50-69,female,508.6996874053274
Middle SDI,1993,50-69,female,500.3974177359365
Middle SDI,1994,50-69,female,493.01054851851416
Middle SDI,1995,50-69,female,482.4506747806675
Middle SDI,1996,50-69,female,472.94848479592696
Middle SDI,1997,50-69,female,462.071538789784
Middle SDI,1998,50-69,female,453.9154264230584
Middle SDI,1999,50-69,female,442.3621822691974
Middle SDI,2000,50-69,female,435.2954000159709
Middle SDI,2001,50-69,female,423.49737997577455
Middle SDI,2002,50-69,female,414.7620330143099
Middle SDI,2003,50-69,female,404.1855080459033
Middle SDI,2004,50-69,female,390.8778475579616
Middle SDI,2005,50-69,female,374.70284736559927
Middle SDI,2006,50-69,female,357.06080191356955
Middle SDI,2007,50-69,female,343.69731117909515
Middle SDI,2008,50-69,female,335.0146450287877
Middle SDI,2009,50-69,female,327.6367613848619
Middle SDI,2010,50-69,female,321.33242712237563
Middle SDI,2011,50-69,female,315.8915957565375
Middle SDI,2012,50-69,female,310.2951093057418
Middle SDI,2013,50-69,female,303.3872624733621
Middle SDI,2014,50-69,female,297.34178299922246
Middle SDI,2015,50-69,female,295.4386235575668
Middle SDI,2016,50-69,female,293.88159224923106
Middle SDI,2017,50-69,female,290.9476733757782
Middle SDI,2018,50-69,female,291.6215148351418
Middle SDI,2019,50-69,female,289.3206392957359
Middle SDI,2020,50-69,female,287.04260394160207
Middle SDI,2021,50-69,female,284.7629506882647
High-middle SDI,1990,50-69,female,460.2303273373308
High-middle SDI,1991,50-69,female,465.1388883366508
High-middle SDI,1992,50-69,female,477.1291335453474
High-middle SDI,1993,50-69,female,514.9761366965307
High-middle SDI,1994,50-69,female,535.2430258408745
High-middle SDI,1995,50-69,female,526.5917902020784
High-middle SDI,1996,50-69,female,506.8991244474197
High-middle SDI,1997,50-69,female,484.5162621704477
High-middle SDI,1998,50-69,female,464.9393521843878
High-middle SDI,1999,50-69,female,464.4067368062872
High-middle SDI,2000,50-69,female,458.2529827332246
High-middle SDI,2001,50-69,female,449.37719782336734
High-middle SDI,2002,50-69,female,445.9693798157138
High-middle SDI,2003,50-69,female,442.476570984328
High-middle SDI,2004,50-69,female,428.15470296968647
High-middle SDI,2005,50-69,female,420.2595685670632
High-middle SDI,2006,50-69,female,384.9315639770663
High-middle SDI,2007,50-69,female,358.91354812648075
High-middle SDI,2008,50-69,female,339.44393483596235
High-middle SDI,2009,50-69,female,316.4065273155492
High-middle SDI,2010,50-69,female,301.1628612686109
High-middle SDI,2011,50-69,female,283.42210977833633
High-middle SDI,2012,50-69,female,270.88686017369184
High-middle SDI,2013,50-69,female,261.0868885934354
High-middle SDI,2014,50-69,female,255.438883564032
High-middle SDI,2015,50-69,female,251.23491420659815
High-middle SDI,2016,50-69,female,247.05190823357145
High-middle SDI,2017,50-69,female,239.50552549292576
High-middle SDI,2018,50-69,female,238.21473926069336
High-middle SDI,2019,50-69,female,233.59456604294505
High-middle SDI,2020,50-69,female,228.43686700561892
High-middle SDI,2021,50-69,female,229.40347413717652
High SDI,1990,50-69,female,260.03759058738524
High SDI,1991,50-69,female,251.82119481401185
High SDI,1992,50-69,female,241.86547395513549
High SDI,1993,50-69,female,234.97802926063133
High SDI,1994,50-69,female,226.77052144488536
High SDI,1995,50-69,female,220.08351674663888
High SDI,1996,50-69,female,210.69292850848456
High SDI,1997,50-69,female,200.19853601102548
High SDI,1998,50-69,female,190.480638002
High SDI,1999,50-69,female,182.6066314701705
High SDI,2000,50-69,female,172.02499744541143
High SDI,2001,50-69,female,163.94037703414574
High SDI,2002,50-69,female,156.82299024257418
High SDI,2003,50-69,female,150.42867757731102
High SDI,2004,50-69,female,142.60014652146842
High SDI,2005,50-69,female,137.109545416003
High SDI,2006,50-69,female,130.52075929702562
High SDI,2007,50-69,female,124.82509332655437
High SDI,2008,50-69,female,120.02506154414613
High SDI,2009,50-69,female,115.73982839416108
High SDI,2010,50-69,female,111.87897744366984
High SDI,2011,50-69,female,109.65404106612174
High SDI,2012,50-69,female,107.78827790649972
High SDI,2013,50-69,female,106.3423745021322
High SDI,2014,50-69,female,105.17375144602096
High SDI,2015,50-69,female,105.296839263011
High SDI,2016,50-69,female,106.07795440837626
High SDI,2017,50-69,female,105.16103364035408
High SDI,2018,50-69,female,104.23248457813588
High SDI,2019,50-69,female,102.70188706370452
High SDI,2020,50-69,female,100.04210521391656
High SDI,2021,50-69,female,100.34801872163575
Low SDI,1990,70+,female,3078.5224369387597
Low SDI,1991,70+,female,3068.8298772902344
Low SDI,1992,70+,female,3075.1269475551817
Low SDI,1993,70+,female,3074.2995956354957
Low SDI,1994,70+,female,3118.324437212432
Low SDI,1995,70+,female,3146.202643036936
Low SDI,1996,70+,female,3097.065828902734
Low SDI,1997,70+,female,3057.751121375482
Low SDI,1998,70+,female,3026.720493642427
Low SDI,1999,70+,female,2991.7947126019544
Low SDI,2000,70+,female,2981.1426206832075
Low SDI,2001,70+,female,2969.302207353008
Low SDI,2002,70+,female,3004.015981986712
Low SDI,2003,70+,female,2976.244792851255
Low SDI,2004,70+,female,2909.573703712658
Low SDI,2005,70+,female,2855.8064118882457
Low SDI,2006,70+,female,2857.266203406092
Low SDI,2007,70+,female,2836.511623367379
Low SDI,2008,70+,female,2839.885817371077
Low SDI,2009,70+,female,2827.8489149592824
Low SDI,2010,70+,female,2802.898015006856
Low SDI,2011,70+,female,2836.811409811372
Low SDI,2012,70+,female,2927.302709432708
Low SDI,2013,70+,female,3015.994704766158
Low SDI,2014,70+,female,3028.357381817334
Low SDI,2015,70+,female,2970.817150021423
Low SDI,2016,70+,female,2930.222763583616
Low SDI,2017,70+,female,2879.607442740212
Low SDI,2018,70+,female,2840.395052458889
Low SDI,2019,70+,female,2802.7517559236303
Low SDI,2020,70+,female,2758.5302371613893
Low SDI,2021,70+,female,2698.734403201338
Low-middle SDI,1990,70+,female,3076.7050901842777
Low-middle SDI,1991,70+,female,3032.185416090411
Low-middle SDI,1992,70+,female,3059.3358831735445
Low-middle SDI,1993,70+,female,3040.7877828975834
Low-middle SDI,1994,70+,female,3040.120016588143
Low-middle SDI,1995,70+,female,3096.3195007282675
Low-middle SDI,1996,70+,female,3067.333581012492
Low-middle SDI,1997,70+,female,3015.043984515291
Low-middle SDI,1998,70+,female,3015.5519292998206
Low-middle SDI,1999,70+,female,2957.5892557803068
Low-middle SDI,2000,70+,female,2875.407861921544
Low-middle SDI,2001,70+,female,2851.4567395471367
Low-middle SDI,2002,70+,female,2872.007151074772
Low-middle SDI,2003,70+,female,2881.753800680998
Low-middle SDI,2004,70+,female,2836.931676867956
Low-middle SDI,2005,70+,female,2814.1640716739903
Low-middle SDI,2006,70+,female,2837.1550825554696
Low-middle SDI,2007,70+,female,2856.4704975750174
Low-middle SDI,2008,70+,female,2852.970054112365
Low-middle SDI,2009,70+,female,2802.417057940587
Low-middle SDI,2010,70+,female,2770.8379288895258
Low-middle SDI,2011,70+,female,2752.02967914012
Low-middle SDI,2012,70+,female,2760.242259723409
Low-middle SDI,2013,70+,female,2804.8619817834065
Low-middle SDI,2014,70+,female,2851.371641381057
Low-middle SDI,2015,70+,female,2803.115025231967
Low-middle SDI,2016,70+,female,2788.143367857889
Low-middle SDI,2017,70+,female,2783.789826130899
Low-middle SDI,2018,70+,female,2779.041914138565
Low-middle SDI,2019,70+,female,2760.948877212621
Low-middle SDI,2020,70+,female,2721.896367828706
Low-middle SDI,2021,70+,female,2662.436422061801
Middle SDI,1990,70+,female,3362.1342082576907
Middle SDI,1991,70+,female,3330.0919662475776
Middle SDI,1992,70+,female,3335.32987157558
Middle SDI,1993,70+,female,3306.551624478562
Middle SDI,1994,70+,female,3285.004580426868
Middle SDI,1995,70+,female,3264.229081527296
Middle SDI,1996,70+,female,3217.5617895462715
Middle SDI,1997,70+,female,3133.1884806306284
Middle SDI,1998,70+,female,3089.689821081082
Middle SDI,1999,70+,female,3062.8884116304653
Middle SDI,2000,70+,female,3049.174179047078
Middle SDI,2001,70+,female,3054.456828623341
Middle SDI,2002,70+,female,3057.394818157777
Middle SDI,2003,70+,female,3061.0862254301387
Middle SDI,2004,70+,female,3061.126254579219
Middle SDI,2005,70+,female,3011.778013457389
Middle SDI,2006,70+,female,2880.433472560707
Middle SDI,2007,70+,female,2833.5873152562176
Middle SDI,2008,70+,female,2866.479133452908
Middle SDI,2009,70+,female,2885.6644050813184
Middle SDI,2010,70+,female,2892.0582051838064
Middle SDI,2011,70+,female,2879.422951292939
Middle SDI,2012,70+,female,2817.1428426262587
Middle SDI,2013,70+,female,2805.637061343293
Middle SDI,2014,70+,female,2781.1344952009777
Middle SDI,2015,70+,female,2738.9146419138515
Middle SDI,2016,70+,female,2725.9193507712303
Middle SDI,2017,70+,female,2688.537336932121
Middle SDI,2018,70+,female,2655.430770325514
Middle SDI,2019,70+,female,2615.343566686769
Middle SDI,2020,70+,female,2584.548508987739
Middle SDI,2021,70+,female,2543.313068928771
High-middle SDI,1990,70+,female,4476.425879119907
High-middle SDI,1991,70+,female,4453.433208478531
High-middle SDI,1992,70+,female,4464.12850849439
High-middle SDI,1993,70+,female,4625.716875671994
High-middle SDI,1994,70+,female,4653.619384955214
High-middle SDI,1995,70+,female,4543.718980359921
High-middle SDI,1996,70+,female,4401.140958240108
High-middle SDI,1997,70+,female,4289.423528203269
High-middle SDI,1998,70+,female,4207.956560429723
High-middle SDI,1999,70+,female,4243.965027236055
High-middle SDI,2000,70+,female,4215.294804306612
High-middle SDI,2001,70+,female,4174.451169089178
High-middle SDI,2002,70+,female,4187.688811185215
High-middle SDI,2003,70+,female,4207.114167690051
High-middle SDI,2004,70+,female,4105.140208945128
High-middle SDI,2005,70+,female,4095.726927084535
High-middle SDI,2006,70+,female,3902.206075670691
High-middle SDI,2007,70+,female,3809.893551136436
High-middle SDI,2008,70+,female,3784.216380585252
High-middle SDI,2009,70+,female,3720.869116452016
High-middle SDI,2010,70+,female,3709.056691648412
High-middle SDI,2011,70+,female,3617.0794363753857
High-middle SDI,2012,70+,female,3538.325352773734
High-middle SDI,2013,70+,female,3497.288458538583
High-middle SDI,2014,70+,female,3485.858388769059
High-middle SDI,2015,70+,female,3455.359732507516
High-middle SDI,2016,70+,female,3407.4282753990306
High-middle SDI,2017,70+,female,3335.3690689849177
High-middle SDI,2018,70+,female,3282.78774293015
High-middle SDI,2019,70+,female,3202.362740751647
High-middle SDI,2020,70+,female,3142.242754904654
High-middle SDI,2021,70+,female,3087.825988532653
High SDI,1990,70+,female,3106.120648451952
High SDI,1991,70+,female,3039.047547990139
High SDI,1992,70+,female,2965.161683927422
High SDI,1993,70+,female,2935.565728797701
High SDI,1994,70+,female,2869.0599080775773
High SDI,1995,70+,female,2822.7043096555976
High SDI,1996,70+,female,2757.211179298984
High SDI,1997,70+,female,2690.655278226057
High SDI,1998,70+,female,2644.045694094527
High SDI,1999,70+,female,2616.241613597247
High SDI,2000,70+,female,2537.478043592944
High SDI,2001,70+,female,2485.7553409995226
High SDI,2002,70+,female,2444.309181062886
High SDI,2003,70+,female,2388.359470126733
High SDI,2004,70+,female,2287.3942476776583
High SDI,2005,70+,female,2221.948916601428
High SDI,2006,70+,female,2148.3446349158926
High SDI,2007,70+,female,2094.3834895534183
High SDI,2008,70+,female,2053.703032539704
High SDI,2009,70+,female,2000.407084523844
High SDI,2010,70+,female,1948.023033323364
High SDI,2011,70+,female,1913.7836792281732
High SDI,2012,70+,female,1885.3067461059584
High SDI,2013,70+,female,1857.0892194347643
High SDI,2014,70+,female,1821.770133735544
High SDI,2015,70+,female,1809.2264632426172
High SDI,2016,70+,female,1794.2397773214852
High SDI,2017,70+,female,1750.7319211462143
High SDI,2018,70+,female,1706.0186309021233
High SDI,2019,70+,female,1650.4019129264968
High SDI,2020,70+,female,1611.4023008854178
High SDI,2021,70+,female,1593.5221838323466
Low SDI,1990,15-49,male,42.74342230817624
Low SDI,1991,15-49,male,42.65030626846169
Low SDI,1992,15-49,male,42.50379694304257
Low SDI,1993,15-49,male,42.625983916392194
Low SDI,1994,15-49,male,42.55976834610218
Low SDI,1995,15-49,male,42.59602179143229
Low SDI,1996,15-49,male,42.78748905035917
Low SDI,1997,15-49,male,42.53107302800924
Low SDI,1998,15-49,male,42.112919546833645
Low SDI,1999,15-49,male,42.1905569340765
Low SDI,2000,15-49,male,41.78216675685542
Low SDI,2001,15-49,male,40.19568206222085
Low SDI,2002,15-49,male,39.04844711531464
Low SDI,2003,15-49,male,38.59383218640281
Low SDI,2004,15-49,male,38.55467018186432
Low SDI,2005,15-49,male,38.03723930914784
Low SDI,2006,15-49,male,37.89033747525946
Low SDI,2007,15-49,male,38.30077728404797
Low SDI,2008,15-49,male,37.77259307711981
Low SDI,2009,15-49,male,37.27192116883659
Low SDI,2010,15-49,male,36.970209045745925
Low SDI,2011,15-49,male,36.94219472799672
Low SDI,2012,15-49,male,37.12379610328856
Low SDI,2013,15-49,male,36.95881678128895
Low SDI,2014,15-49,male,36.20612896043727
Low SDI,2015,15-49,male,35.87092435339801
Low SDI,2016,15-49,male,35.842613091243024
Low SDI,2017,15-49,male,35.63522390171434
Low SDI,2018,15-49,male,35.14790048270161
Low SDI,2019,15-49,male,34.937124811921336
Low SDI,2020,15-49,male,34.78862615243465
Low SDI,2021,15-49,male,34.75623221105633
Low-middle SDI,1990,15-49,male,53.573049420686615
Low-middle SDI,1991,15-49,male,53.24273921065704
Low-middle SDI,1992,15-49,male,52.8220201268784
Low-middle SDI,1993,15-49,male,52.927916259936175
Low-middle SDI,1994,15-49,male,53.05834375227934
Low-middle SDI,1995,15-49,male,53.01309427817796
Low-middle SDI,1996,15-49,male,53.13951355859737
Low-middle SDI,1997,15-49,male,53.684218176726674
Low-middle SDI,1998,15-49,male,54.04816554213855
Low-middle SDI,1999,15-49,male,54.72403565299222
Low-middle SDI,2000,15-49,male,54.64932478022115
Low-middle SDI,2001,15-49,male,54.28345049832228
Low-middle SDI,2002,15-49,male,53.81303795681549
Low-middle SDI,2003,15-49,male,53.164901708898725
Low-middle SDI,2004,15-49,male,53.08416025501485
Low-middle SDI,2005,15-49,male,53.108792656949696
Low-middle SDI,2006,15-49,male,53.86483094794718
Low-middle SDI,2007,15-49,male,54.2106838299159
Low-middle SDI,2008,15-49,male,54.34313227711363
Low-middle SDI,2009,15-49,male,54.151872300945726
Low-middle SDI,2010,15-49,male,54.07852471486785
Low-middle SDI,2011,15-49,male,54.134122752761975
Low-middle SDI,2012,15-49,male,54.11514919079011
Low-middle SDI,2013,15-49,male,53.31288442886702
Low-middle SDI,2014,15-49,male,51.79747949719618
Low-middle SDI,2015,15-49,male,50.65432110123176
Low-middle SDI,2016,15-49,male,50.735551907202776
Low-middle SDI,2017,15-49,male,50.60377607473991
Low-middle SDI,2018,15-49,male,50.05662317491898
Low-middle SDI,2019,15-49,male,49.47441955886049
Low-middle SDI,2020,15-49,male,49.20299556134374
Low-middle SDI,2021,15-49,male,49.141239743718245
Middle SDI,1990,15-49,male,43.36517677828216
Middle SDI,1991,15-49,male,43.38674122016619
Middle SDI,1992,15-49,male,43.67528140075048
Middle SDI,1993,15-49,male,43.812760619333176
Middle SDI,1994,15-49,male,44.02596597904449
Middle SDI,1995,15-49,male,44.42448143249772
Middle SDI,1996,15-49,male,44.75531290951037
Middle SDI,1997,15-49,male,44.5472027561587
Middle SDI,1998,15-49,male,44.82915968890721
Middle SDI,1999,15-49,male,45.10964288148577
Middle SDI,2000,15-49,male,45.4434773399808
Middle SDI,2001,15-49,male,45.19800229535888
Middle SDI,2002,15-49,male,45.50535553109759
Middle SDI,2003,15-49,male,45.88440253649739
Middle SDI,2004,15-49,male,46.175427549493904
Middle SDI,2005,15-49,male,45.85810834555708
Middle SDI,2006,15-49,male,45.49767311640337
Middle SDI,2007,15-49,male,45.82333963917132
Middle SDI,2008,15-49,male,46.3782030497102
Middle SDI,2009,15-49,male,46.71910323373821
Middle SDI,2010,15-49,male,47.22105445256512
Middle SDI,2011,15-49,male,47.48755702433393
Middle SDI,2012,15-49,male,47.78009322592457
Middle SDI,2013,15-49,male,47.81799218202632
Middle SDI,2014,15-49,male,47.12105554321455
Middle SDI,2015,15-49,male,46.47827672577225
Middle SDI,2016,15-49,male,46.42951627301949
Middle SDI,2017,15-49,male,45.79314258115463
Middle SDI,2018,15-49,male,45.10985310319062
Middle SDI,2019,15-49,male,44.75932505303537
Middle SDI,2020,15-49,male,44.14227148830109
Middle SDI,2021,15-49,male,44.27777013238845
High-middle SDI,1990,15-49,male,50.80679683776803
High-middle SDI,1991,15-49,male,51.83548217666389
High-middle SDI,1992,15-49,male,55.07594315963878
High-middle SDI,1993,15-49,male,61.1692273440808
High-middle SDI,1994,15-49,male,66.37753569343717
High-middle SDI,1995,15-49,male,66.94036804393306
High-middle SDI,1996,15-49,male,64.614336342411
High-middle SDI,1997,15-49,male,61.43152728704007
High-middle SDI,1998,15-49,male,60.57831621217424
High-middle SDI,1999,15-49,male,62.8387491579554
High-middle SDI,2000,15-49,male,65.37752946750635
High-middle SDI,2001,15-49,male,65.34906739242038
High-middle SDI,2002,15-49,male,66.59397940856074
High-middle SDI,2003,15-49,male,68.1127046349657
High-middle SDI,2004,15-49,male,68.81175801825357
High-middle SDI,2005,15-49,male,71.689295201273
High-middle SDI,2006,15-49,male,67.21567345753644
High-middle SDI,2007,15-49,male,64.31834225339783
High-middle SDI,2008,15-49,male,63.49908638266053
High-middle SDI,2009,15-49,male,60.14777562853595
High-middle SDI,2010,15-49,male,58.95581603529833
High-middle SDI,2011,15-49,male,54.51480065173342
High-middle SDI,2012,15-49,male,52.10606467530658
High-middle SDI,2013,15-49,male,50.99429210623824
High-middle SDI,2014,15-49,male,50.71080978615442
High-middle SDI,2015,15-49,male,49.07700951229593
High-middle SDI,2016,15-49,male,48.21026580652867
High-middle SDI,2017,15-49,male,47.10710548138062
High-middle SDI,2018,15-49,male,46.92681956084061
High-middle SDI,2019,15-49,male,46.4829846188162
High-middle SDI,2020,15-49,male,45.26926247184748
High-middle SDI,2021,15-49,male,45.19123474728198
High SDI,1990,15-49,male,35.69348219656618
High SDI,1991,15-49,male,35.77759768442773
High SDI,1992,15-49,male,35.38310753919725
High SDI,1993,15-49,male,35.15219515570265
High SDI,1994,15-49,male,34.86321723387427
High SDI,1995,15-49,male,35.06080438361039
High SDI,1996,15-49,male,34.46381455650449
High SDI,1997,15-49,male,33.69819562175751
High SDI,1998,15-49,male,33.075463984090014
High SDI,1999,15-49,male,32.66864818902162
High SDI,2000,15-49,male,31.97376617807033
High SDI,2001,15-49,male,31.685505582215093
High SDI,2002,15-49,male,31.46340098077276
High SDI,2003,15-49,male,31.231209764703056
High SDI,2004,15-49,male,30.734004086465674
High SDI,2005,15-49,male,30.520630737437088
High SDI,2006,15-49,male,30.027862065019157
High SDI,2007,15-49,male,29.33871011286681
High SDI,2008,15-49,male,28.58424985783792
High SDI,2009,15-49,male,27.805999887232133
High SDI,2010,15-49,male,27.014228004641208
High SDI,2011,15-49,male,26.29749854376396
High SDI,2012,15-49,male,25.774289429184044
High SDI,2013,15-49,male,25.31225891993647
High SDI,2014,15-49,male,24.79432136487261
High SDI,2015,15-49,male,24.70690129275462
High SDI,2016,15-49,male,24.704329055911032
High SDI,2017,15-49,male,24.485697726471063
High SDI,2018,15-49,male,24.272403419853948
High SDI,2019,15-49,male,24.025160507809183
High SDI,2020,15-49,male,23.472355215868973
High SDI,2021,15-49,male,23.17707422063364
Low SDI,1990,5-14,male,3.436812442948523
Low SDI,1991,5-14,male,3.4376620881699878
Low SDI,1992,5-14,male,3.4417678757336745
Low SDI,1993,5-14,male,3.4200466396728326
Low SDI,1994,5-14,male,3.4305341100402864
Low SDI,1995,5-14,male,3.3792734836277525
Low SDI,1996,5-14,male,3.273295934930667
Low SDI,1997,5-14,male,3.182871110035635
Low SDI,1998,5-14,male,3.1582163413087425
Low SDI,1999,5-14,male,3.03972755730502
Low SDI,2000,5-14,male,3.100868821995684
Low SDI,2001,5-14,male,3.137183960896533
Low SDI,2002,5-14,male,2.930763357432699
Low SDI,2003,5-14,male,2.832033913352743
Low SDI,2004,5-14,male,2.854186371471915
Low SDI,2005,5-14,male,2.8404362798504645
Low SDI,2006,5-14,male,2.75868405904131
Low SDI,2007,5-14,male,2.670236893880195
Low SDI,2008,5-14,male,2.593956720987612
Low SDI,2009,5-14,male,2.5111422998366075
Low SDI,2010,5-14,male,2.4707747047013906
Low SDI,2011,5-14,male,2.4487998510268114
Low SDI,2012,5-14,male,2.436402198353458
Low SDI,2013,5-14,male,2.420726007444607
Low SDI,2014,5-14,male,2.4080456732845525
Low SDI,2015,5-14,male,2.374024648149451
Low SDI,2016,5-14,male,2.336008766217756
Low SDI,2017,5-14,male,2.279800989462373
Low SDI,2018,5-14,male,2.165246155279305
Low SDI,2019,5-14,male,2.1012266931336168
Low SDI,2020,5-14,male,2.033687205644716
Low SDI,2021,5-14,male,1.958522950126998
Low-middle SDI,1990,5-14,male,4.2357020388869735
Low-middle SDI,1991,5-14,male,4.021141041120395
Low-middle SDI,1992,5-14,male,3.9499236619200206
Low-middle SDI,1993,5-14,male,3.964215390391123
Low-middle SDI,1994,5-14,male,3.917994011822328
Low-middle SDI,1995,5-14,male,3.896961097391943
Low-middle SDI,1996,5-14,male,3.797348154782598
Low-middle SDI,1997,5-14,male,3.6756736119589606
Low-middle SDI,1998,5-14,male,3.601155649166966
Low-middle SDI,1999,5-14,male,3.50934143157576
Low-middle SDI,2000,5-14,male,3.51898769912622
Low-middle SDI,2001,5-14,male,3.5312419632991965
Low-middle SDI,2002,5-14,male,3.2354309169463376
Low-middle SDI,2003,5-14,male,3.0473441376830923
Low-middle SDI,2004,5-14,male,3.080695330407705
Low-middle SDI,2005,5-14,male,3.151477012432134
Low-middle SDI,2006,5-14,male,3.0558395281256345
Low-middle SDI,2007,5-14,male,2.984607858404217
Low-middle SDI,2008,5-14,male,2.916645126109422
Low-middle SDI,2009,5-14,male,2.871508588809602
Low-middle SDI,2010,5-14,male,2.857171314179336
Low-middle SDI,2011,5-14,male,2.8063167792920938
Low-middle SDI,2012,5-14,male,2.733050161597408
Low-middle SDI,2013,5-14,male,2.597713386110008
Low-middle SDI,2014,5-14,male,2.5357673930658806
Low-middle SDI,2015,5-14,male,2.5402795681622363
Low-middle SDI,2016,5-14,male,2.4118000760525864
Low-middle SDI,2017,5-14,male,2.3097281419679896
Low-middle SDI,2018,5-14,male,2.224939500078317
Low-middle SDI,2019,5-14,male,2.1532623952118386
Low-middle SDI,2020,5-14,male,2.0166637760606454
Low-middle SDI,2021,5-14,male,1.9457244088773864
Middle SDI,1990,5-14,male,2.865275178968403
Middle SDI,1991,5-14,male,2.8397388482272854
Middle SDI,1992,5-14,male,2.8143757691821767
Middle SDI,1993,5-14,male,2.736941446038349
Middle SDI,1994,5-14,male,2.672878694870687
Middle SDI,1995,5-14,male,2.6218523198306096
Middle SDI,1996,5-14,male,2.5595341326007097
Middle SDI,1997,5-14,male,2.4847070780134355
Middle SDI,1998,5-14,male,2.410285623921569
Middle SDI,1999,5-14,male,2.317884653263297
Middle SDI,2000,5-14,male,2.2476790979618526
Middle SDI,2001,5-14,male,2.209770634453614
Middle SDI,2002,5-14,male,2.130786929048827
Middle SDI,2003,5-14,male,2.049051624093422
Middle SDI,2004,5-14,male,2.0063527886010744
Middle SDI,2005,5-14,male,1.9954125429342056
Middle SDI,2006,5-14,male,1.9278308125905
Middle SDI,2007,5-14,male,1.888821869443533
Middle SDI,2008,5-14,male,1.9055379577352816
Middle SDI,2009,5-14,male,1.926639657927895
Middle SDI,2010,5-14,male,1.9043938392640665
Middle SDI,2011,5-14,male,1.8818450011832684
Middle SDI,2012,5-14,male,1.88468008357244
Middle SDI,2013,5-14,male,1.854447269886774
Middle SDI,2014,5-14,male,1.8051067586814944
Middle SDI,2015,5-14,male,1.724985959776463
Middle SDI,2016,5-14,male,1.5930552128657989
Middle SDI,2017,5-14,male,1.5117232078713778
Middle SDI,2018,5-14,male,1.4295166709353884
Middle SDI,2019,5-14,male,1.3761744890050964
Middle SDI,2020,5-14,male,1.265831661160988
Middle SDI,2021,5-14,male,1.2064731380227276
High-middle SDI,1990,5-14,male,1.957625428513264
High-middle SDI,1991,5-14,male,1.956847299738055
High-middle SDI,1992,5-14,male,1.940929958024824
High-middle SDI,1993,5-14,male,1.91275695866783
High-middle SDI,1994,5-14,male,1.8587588570207183
High-middle SDI,1995,5-14,male,1.822102741075963
High-middle SDI,1996,5-14,male,1.7706727167180818
High-middle SDI,1997,5-14,male,1.745605322818091
High-middle SDI,1998,5-14,male,1.6894576061338789
High-middle SDI,1999,5-14,male,1.665890030638947
High-middle SDI,2000,5-14,male,1.6156840786589317
High-middle SDI,2001,5-14,male,1.5485120379774382
High-middle SDI,2002,5-14,male,1.4548303828732996
High-middle SDI,2003,5-14,male,1.4075355981201996
High-middle SDI,2004,5-14,male,1.3670344276145177
High-middle SDI,2005,5-14,male,1.3244989153208306
High-middle SDI,2006,5-14,male,1.240304129391926
High-middle SDI,2007,5-14,male,1.1779218551437092
High-middle SDI,2008,5-14,male,1.214437968588076
High-middle SDI,2009,5-14,male,1.3136311212891638
High-middle SDI,2010,5-14,male,1.252109645032237
High-middle SDI,2011,5-14,male,1.14382588065139
High-middle SDI,2012,5-14,male,1.0982980666171491
High-middle SDI,2013,5-14,male,1.0559437927073676
High-middle SDI,2014,5-14,male,1.0246275863902914
High-middle SDI,2015,5-14,male,0.9581594182064171
High-middle SDI,2016,5-14,male,0.910402629998678
High-middle SDI,2017,5-14,male,0.8637853707465496
High-middle SDI,2018,5-14,male,0.7951159556013444
High-middle SDI,2019,5-14,male,0.7638586320899052
High-middle SDI,2020,5-14,male,0.6945589272141968
High-middle SDI,2021,5-14,male,0.6696986823449965
High SDI,1990,5-14,male,1.0530500087794534
High SDI,1991,5-14,male,1.0309597171626883
High SDI,1992,5-14,male,1.0086047899486754
High SDI,1993,5-14,male,1.0112893334869657
High SDI,1994,5-14,male,1.000153862632488
High SDI,1995,5-14,male,0.9736423871937038
High SDI,1996,5-14,male,0.928098374334316
High SDI,1997,5-14,male,0.8967149494189641
High SDI,1998,5-14,male,0.868027066054476
High SDI,1999,5-14,male,0.8179280048670603
High SDI,2000,5-14,male,0.7918786433848971
High SDI,2001,5-14,male,0.7572842594357901
High SDI,2002,5-14,male,0.7422777868595198
High SDI,2003,5-14,male,0.7524634077557222
High SDI,2004,5-14,male,0.7034615873269018
High SDI,2005,5-14,male,0.6975907515438675
High SDI,2006,5-14,male,0.6787588975105769
High SDI,2007,5-14,male,0.6489794476336507
High SDI,2008,5-14,male,0.631241254127779
High SDI,2009,5-14,male,0.5928023325605799
High SDI,2010,5-14,male,0.558280574157979
High SDI,2011,5-14,male,0.5431112230131367
High SDI,2012,5-14,male,0.5262721950825684
High SDI,2013,5-14,male,0.5178098785067609
High SDI,2014,5-14,male,0.503008472043002
High SDI,2015,5-14,male,0.4866678988055305
High SDI,2016,5-14,male,0.4709174003840902
High SDI,2017,5-14,male,0.4585450582920602
High SDI,2018,5-14,male,0.4385412524026143
High SDI,2019,5-14,male,0.423093454270554
High SDI,2020,5-14,male,0.3970918832689125
High SDI,2021,5-14,male,0.3906517502652587
Low SDI,1990,50-69,male,773.4889578028517
Low SDI,1991,50-69,male,772.72616252558
Low SDI,1992,50-69,male,769.0687154804328
Low SDI,1993,50-69,male,774.1113925587969
Low SDI,1994,50-69,male,782.9282391759108
Low SDI,1995,50-69,male,780.6634403768354
Low SDI,1996,50-69,male,777.0835317833732
Low SDI,1997,50-69,male,790.2610875985932
Low SDI,1998,50-69,male,792.9401562453015
Low SDI,1999,50-69,male,764.4050299456726
Low SDI,2000,50-69,male,748.4369454992441
Low SDI,2001,50-69,male,736.2505869537459
Low SDI,2002,50-69,male,716.4725327042522
Low SDI,2003,50-69,male,701.4998732010339
Low SDI,2004,50-69,male,682.22784311924
Low SDI,2005,50-69,male,662.5024030810359
Low SDI,2006,50-69,male,650.8895827676083
Low SDI,2007,50-69,male,644.9439497051549
Low SDI,2008,50-69,male,637.7719577705838
Low SDI,2009,50-69,male,638.5038063844767
Low SDI,2010,50-69,male,639.1820096761559
Low SDI,2011,50-69,male,633.2638849923377
Low SDI,2012,50-69,male,625.0545658958533
Low SDI,2013,50-69,male,615.2479801787138
Low SDI,2014,50-69,male,612.3945169242128
Low SDI,2015,50-69,male,616.1455666683381
Low SDI,2016,50-69,male,602.1429733133687
Low SDI,2017,50-69,male,591.2283108991195
Low SDI,2018,50-69,male,593.0809349014335
Low SDI,2019,50-69,male,592.7442471033645
Low SDI,2020,50-69,male,587.8286204908322
Low SDI,2021,50-69,male,578.1114049531137
Low-middle SDI,1990,50-69,male,754.5280264231994
Low-middle SDI,1991,50-69,male,749.9638567829946
Low-middle SDI,1992,50-69,male,751.0781998901512
Low-middle SDI,1993,50-69,male,753.5435389007073
Low-middle SDI,1994,50-69,male,757.3675699851805
Low-middle SDI,1995,50-69,male,758.698517424592
Low-middle SDI,1996,50-69,male,761.4766904513266
Low-middle SDI,1997,50-69,male,767.7276584257298
Low-middle SDI,1998,50-69,male,762.517758436648
Low-middle SDI,1999,50-69,male,741.7195755191474
Low-middle SDI,2000,50-69,male,738.529192618546
Low-middle SDI,2001,50-69,male,736.2333604550688
Low-middle SDI,2002,50-69,male,730.9068418926864
Low-middle SDI,2003,50-69,male,727.301098821759
Low-middle SDI,2004,50-69,male,710.1253497996552
Low-middle SDI,2005,50-69,male,702.8512180879435
Low-middle SDI,2006,50-69,male,707.3126481953932
Low-middle SDI,2007,50-69,male,707.2839310597235
Low-middle SDI,2008,50-69,male,709.5803659131698
Low-middle SDI,2009,50-69,male,707.8747187343519
Low-middle SDI,2010,50-69,male,711.6931078608312
Low-middle SDI,2011,50-69,male,715.107244947164
Low-middle SDI,2012,50-69,male,708.2956847805193
Low-middle SDI,2013,50-69,male,687.8180765268143
Low-middle SDI,2014,50-69,male,682.3841884187641
Low-middle SDI,2015,50-69,male,689.4542134631045
Low-middle SDI,2016,50-69,male,689.0452593438769
Low-middle SDI,2017,50-69,male,682.9216766895145
Low-middle SDI,2018,50-69,male,689.3662958298502
Low-middle SDI,2019,50-69,male,688.10902399266
Low-middle SDI,2020,50-69,male,679.1752646673613
Low-middle SDI,2021,50-69,male,668.1661863607233
Middle SDI,1990,50-69,male,670.7162769838419
Middle SDI,1991,50-69,male,668.8027554912807
Middle SDI,1992,50-69,male,668.9982477644178
Middle SDI,1993,50-69,male,668.7435484447882
Middle SDI,1994,50-69,male,664.8078789793982
Middle SDI,1995,50-69,male,663.2163099799242
Middle SDI,1996,50-69,male,659.7784153058292
Middle SDI,1997,50-69,male,651.1946287227547
Middle SDI,1998,50-69,male,644.4355939641613
Middle SDI,1999,50-69,male,629.2909887043875
Middle SDI,2000,50-69,male,626.7141581948093
Middle SDI,2001,50-69,male,618.1602009845765
Middle SDI,2002,50-69,male,613.0401284274343
Middle SDI,2003,50-69,male,607.224737802408
Middle SDI,2004,50-69,male,596.6353930566964
Middle SDI,2005,50-69,male,581.9131167231321
Middle SDI,2006,50-69,male,562.7378961821693
Middle SDI,2007,50-69,male,551.3551823466142
Middle SDI,2008,50-69,male,551.7705499718223
Middle SDI,2009,50-69,male,547.791326122145
Middle SDI,2010,50-69,male,544.5690765994678
Middle SDI,2011,50-69,male,541.4732979219385
Middle SDI,2012,50-69,male,537.1296772132522
Middle SDI,2013,50-69,male,527.9145110128112
Middle SDI,2014,50-69,male,519.7567317497821
Middle SDI,2015,50-69,male,516.8850883545806
Middle SDI,2016,50-69,male,513.2067174250199
Middle SDI,2017,50-69,male,505.3442156283404
Middle SDI,2018,50-69,male,503.9024168711733
Middle SDI,2019,50-69,male,500.6048533830065
Middle SDI,2020,50-69,male,498.44283869401823
Middle SDI,2021,50-69,male,494.2373184906757
High-middle SDI,1990,50-69,male,774.117077760344
High-middle SDI,1991,50-69,male,785.3813935775703
High-middle SDI,1992,50-69,male,822.8532387435903
High-middle SDI,1993,50-69,male,896.9440372423911
High-middle SDI,1994,50-69,male,942.9669843234316
High-middle SDI,1995,50-69,male,932.4324677771634
High-middle SDI,1996,50-69,male,893.83407539588
High-middle SDI,1997,50-69,male,849.5583324684629
High-middle SDI,1998,50-69,male,818.1642508313863
High-middle SDI,1999,50-69,male,823.7782622867024
High-middle SDI,2000,50-69,male,830.855670092142
High-middle SDI,2001,50-69,male,816.5552622975305
High-middle SDI,2002,50-69,male,815.5780673463564
High-middle SDI,2003,50-69,male,807.7512038027476
High-middle SDI,2004,50-69,male,789.5350300352095
High-middle SDI,2005,50-69,male,787.7852580202642
High-middle SDI,2006,50-69,male,724.4167917004428
High-middle SDI,2007,50-69,male,687.0678015966512
High-middle SDI,2008,50-69,male,668.7475743491046
High-middle SDI,2009,50-69,male,629.8986084960412
High-middle SDI,2010,50-69,male,615.6410996068229
High-middle SDI,2011,50-69,male,587.279264305513
High-middle SDI,2012,50-69,male,574.137116832674
High-middle SDI,2013,50-69,male,556.0784542287989
High-middle SDI,2014,50-69,male,544.0751155048467
High-middle SDI,2015,50-69,male,533.8461811008548
High-middle SDI,2016,50-69,male,527.6041127471304
High-middle SDI,2017,50-69,male,507.3011250207066
High-middle SDI,2018,50-69,male,500.86739826103474
High-middle SDI,2019,50-69,male,490.1822551675896
High-middle SDI,2020,50-69,male,477.08638727509896
High-middle SDI,2021,50-69,male,464.6080847967671
High SDI,1990,50-69,male,567.6257397485468
High SDI,1991,50-69,male,552.4310725831084
High SDI,1992,50-69,male,533.248328771544
High SDI,1993,50-69,male,520.7784227725091
High SDI,1994,50-69,male,503.9144529626812
High SDI,1995,50-69,male,491.7317110352088
High SDI,1996,50-69,male,470.9579099533108
High SDI,1997,50-69,male,448.13895068513455
High SDI,1998,50-69,male,427.6126950360714
High SDI,1999,50-69,male,410.0447010103175
High SDI,2000,50-69,male,387.4507472041653
High SDI,2001,50-69,male,371.1263281081205
High SDI,2002,50-69,male,358.07755940169955
High SDI,2003,50-69,male,347.1586409983575
High SDI,2004,50-69,male,331.8315304145622
High SDI,2005,50-69,male,322.91894253472486
High SDI,2006,50-69,male,312.5573505985958
High SDI,2007,50-69,male,303.0594903348272
High SDI,2008,50-69,male,294.18724721287793
High SDI,2009,50-69,male,286.0592943523096
High SDI,2010,50-69,male,278.61958866345793
High SDI,2011,50-69,male,273.60759140275826
High SDI,2012,50-69,male,268.9985203616968
High SDI,2013,50-69,male,265.25393553897044
High SDI,2014,50-69,male,259.91425842247673
High SDI,2015,50-69,male,259.7775186478158
High SDI,2016,50-69,male,260.9652226980618
High SDI,2017,50-69,male,258.43017128856854
High SDI,2018,50-69,male,256.5151962874496
High SDI,2019,50-69,male,253.06840017782824
High SDI,2020,50-69,male,246.2452473445271
High SDI,2021,50-69,male,244.81970116538963
Low SDI,1990,70+,male,2907.832417335609
Low SDI,1991,70+,male,2906.4446890250138
Low SDI,1992,70+,male,2915.865772959763
Low SDI,1993,70+,male,2925.1890679548355
Low SDI,1994,70+,male,2968.789436823962
Low SDI,1995,70+,male,2998.8805126667867
Low SDI,1996,70+,male,2979.546358488812
Low SDI,1997,70+,male,2944.45483269371
Low SDI,1998,70+,male,2946.741005220746
Low SDI,1999,70+,male,2901.54090097374
Low SDI,2000,70+,male,2896.918781971124
Low SDI,2001,70+,male,2872.282481428796
Low SDI,2002,70+,male,2854.1282998071665
Low SDI,2003,70+,male,2875.176144611481
Low SDI,2004,70+,male,2852.9859788319545
Low SDI,2005,70+,male,2789.6730485241524
Low SDI,2006,70+,male,2786.798178836937
Low SDI,2007,70+,male,2802.470866512372
Low SDI,2008,70+,male,2808.4791673276336
Low SDI,2009,70+,male,2797.859226960217
Low SDI,2010,70+,male,2816.3957668950966
Low SDI,2011,70+,male,2841.4494307235277
Low SDI,2012,70+,male,2842.9261804098765
Low SDI,2013,70+,male,2955.707096826796
Low SDI,2014,70+,male,2993.750438555737
Low SDI,2015,70+,male,2960.968958218769
Low SDI,2016,70+,male,2955.660906723366
Low SDI,2017,70+,male,2921.579641658011
Low SDI,2018,70+,male,2823.575066582124
Low SDI,2019,70+,male,2817.696960822472
Low SDI,2020,70+,male,2822.454683240107
Low SDI,2021,70+,male,2733.8814530264044
Low-middle SDI,1990,70+,male,2919.8113726634483
Low-middle SDI,1991,70+,male,2914.0327664742977
Low-middle SDI,1992,70+,male,2940.701644737565
Low-middle SDI,1993,70+,male,2959.842976707438
Low-middle SDI,1994,70+,male,2982.648615180252
Low-middle SDI,1995,70+,male,3031.446162909363
Low-middle SDI,1996,70+,male,3024.8509215912404
Low-middle SDI,1997,70+,male,3018.696478305558
Low-middle SDI,1998,70+,male,3026.2739018006832
Low-middle SDI,1999,70+,male,2947.9197445726813
Low-middle SDI,2000,70+,male,2909.834148049391
Low-middle SDI,2001,70+,male,2929.8635638911987
Low-middle SDI,2002,70+,male,2934.949184682866
Low-middle SDI,2003,70+,male,2993.840249279877
Low-middle SDI,2004,70+,male,3015.2643215648363
Low-middle SDI,2005,70+,male,2973.388293316808
Low-middle SDI,2006,70+,male,2968.909214045473
Low-middle SDI,2007,70+,male,3050.177617088153
Low-middle SDI,2008,70+,male,3085.140409144899
Low-middle SDI,2009,70+,male,3046.53045759105
Low-middle SDI,2010,70+,male,3043.5105576877586
Low-middle SDI,2011,70+,male,3025.496986393817
Low-middle SDI,2012,70+,male,2996.071060505844
Low-middle SDI,2013,70+,male,3107.8115921025337
Low-middle SDI,2014,70+,male,3199.315221188997
Low-middle SDI,2015,70+,male,3047.119349351229
Low-middle SDI,2016,70+,male,2986.1946588187234
Low-middle SDI,2017,70+,male,2993.2491233997584
Low-middle SDI,2018,70+,male,3027.1981434865784
Low-middle SDI,2019,70+,male,3029.324235624943
Low-middle SDI,2020,70+,male,3033.418732123453
Low-middle SDI,2021,70+,male,3013.6330800491014
Middle SDI,1990,70+,male,3547.988694097909
Middle SDI,1991,70+,male,3544.826443513774
Middle SDI,1992,70+,male,3554.9973585336866
Middle SDI,1993,70+,male,3557.8801074818693
Middle SDI,1994,70+,male,3541.1520561956754
Middle SDI,1995,70+,male,3545.5414702466173
Middle SDI,1996,70+,male,3527.483529740445
Middle SDI,1997,70+,male,3485.1283779569626
Middle SDI,1998,70+,male,3462.8348817828733
Middle SDI,1999,70+,male,3418.4438357167523
Middle SDI,2000,70+,male,3451.065052507382
Middle SDI,2001,70+,male,3482.5215960013074
Middle SDI,2002,70+,male,3477.03507842717
Middle SDI,2003,70+,male,3548.830728124266
Middle SDI,2004,70+,male,3588.1902595151428
Middle SDI,2005,70+,male,3548.843579659573
Middle SDI,2006,70+,male,3379.4709657024137
Middle SDI,2007,70+,male,3357.5874543796263
Middle SDI,2008,70+,male,3424.2812497716013
Middle SDI,2009,70+,male,3483.258359995448
Middle SDI,2010,70+,male,3531.278896094048
Middle SDI,2011,70+,male,3509.339356808156
Middle SDI,2012,70+,male,3474.6495823490554
Middle SDI,2013,70+,male,3497.779495239984
Middle SDI,2014,70+,male,3489.621774219522
Middle SDI,2015,70+,male,3450.22333379274
Middle SDI,2016,70+,male,3425.8681185024093
Middle SDI,2017,70+,male,3360.4443917582985
Middle SDI,2018,70+,male,3314.7377089091683
Middle SDI,2019,70+,male,3282.1365715754177
Middle SDI,2020,70+,male,3280.349984931687
Middle SDI,2021,70+,male,3255.065970116059
High-middle SDI,1990,70+,male,4666.0646303605445
High-middle SDI,1991,70+,male,4628.407357563542
High-middle SDI,1992,70+,male,4633.759506825021
High-middle SDI,1993,70+,male,4714.644090969341
High-middle SDI,1994,70+,male,4691.839785060646
High-middle SDI,1995,70+,male,4609.019656942822
High-middle SDI,1996,70+,male,4487.430561848745
High-middle SDI,1997,70+,male,4372.705406100355
High-middle SDI,1998,70+,male,4306.204440536561
High-middle SDI,1999,70+,male,4322.938724419048
High-middle SDI,2000,70+,male,4352.281293633792
High-middle SDI,2001,70+,male,4345.91086334417
High-middle SDI,2002,70+,male,4382.877360017768
High-middle SDI,2003,70+,male,4440.924391760289
High-middle SDI,2004,70+,male,4393.134847627893
High-middle SDI,2005,70+,male,4380.355728199663
High-middle SDI,2006,70+,male,4164.072231859059
High-middle SDI,2007,70+,male,4087.527784801336
High-middle SDI,2008,70+,male,4064.450086057567
High-middle SDI,2009,70+,male,4025.156715484408
High-middle SDI,2010,70+,male,4047.095988025116
High-middle SDI,2011,70+,male,3946.921358642071
High-middle SDI,2012,70+,male,3901.891239270095
High-middle SDI,2013,70+,male,3848.479787202308
High-middle SDI,2014,70+,male,3802.516353585806
High-middle SDI,2015,70+,male,3756.4607870921855
High-middle SDI,2016,70+,male,3711.527888783438
High-middle SDI,2017,70+,male,3614.2641893306327
High-middle SDI,2018,70+,male,3544.7393770298145
High-middle SDI,2019,70+,male,3468.6828897352216
High-middle SDI,2020,70+,male,3421.956994313018
High-middle SDI,2021,70+,male,3337.271318464422
High SDI,1990,70+,male,3637.612354946005
High SDI,1991,70+,male,3554.821126993024
High SDI,1992,70+,male,3457.4580536515286
High SDI,1993,70+,male,3402.914536251793
High SDI,1994,70+,male,3305.3437356476547
High SDI,1995,70+,male,3240.658398686375
High SDI,1996,70+,male,3132.863247559256
High SDI,1997,70+,male,3021.1212130080744
High SDI,1998,70+,male,2941.447614946446
High SDI,1999,70+,male,2883.6736032111216
High SDI,2000,70+,male,2774.6951688835643
High SDI,2001,70+,male,2694.874061179129
High SDI,2002,70+,male,2632.680544038421
High SDI,2003,70+,male,2561.816813338296
High SDI,2004,70+,male,2443.116194501727
High SDI,2005,70+,male,2370.243598975924
High SDI,2006,70+,male,2279.1152353752545
High SDI,2007,70+,male,2210.409077828145
High SDI,2008,70+,male,2158.3637950308757
High SDI,2009,70+,male,2104.115926353139
High SDI,2010,70+,male,2058.055896218088
High SDI,2011,70+,male,2009.0923602105868
High SDI,2012,70+,male,1972.7279470269275
High SDI,2013,70+,male,1944.6322381939056
High SDI,2014,70+,male,1904.106156431522
High SDI,2015,70+,male,1892.422802486146
High SDI,2016,70+,male,1877.7478098184831
High SDI,2017,70+,male,1841.036391903489
High SDI,2018,70+,male,1796.6494216813626
High SDI,2019,70+,male,1748.5365044027053
High SDI,2020,70+,male,1718.8477745554248
High SDI,2021,70+,male,1709.04878988502
